26,12226,122932,2024,fhv
29,33897,32782,2024,fhv
191,12177,23017,2024,fhv
65,9312,22888,2024,fhv
222,12754,36532,2024,fhv
243,3948,108455,2024,fhv
19,3768,7750,2024,fhv
54,1010,2238,2024,fhv
167,9456,101898,2024,fhv
113,6328,10157,2024,fhv
155,9786,35132,2024,fhv
112,10384,17111,2024,fhv
241,5394,71525,2024,fhv
237,10883,22327,2024,fhv
22,10856,54612,2024,fhv
198,8426,43186,2024,fhv
196,14401,30465,2024,fhv
130,18649,88223,2024,fhv
77,8181,101600,2024,fhv
7,33831,48787,2024,fhv
184,720,6423,2024,fhv
34,1064,5363,2024,fhv
188,19779,94177,2024,fhv
126,4402,84715,2024,fhv
228,9130,78139,2024,fhv
202,1922,3432,2024,fhv
262,5002,10706,2024,fhv
94,4190,62393,2024,fhv
149,23008,35745,2024,fhv
50,9366,19299,2024,fhv
264,61,649,2024,fhv
229,8472,14719,2024,fhv
190,877,3701,2024,fhv
136,4590,65483,2024,fhv
57,1454,4452,2024,fhv
144,8052,19716,2024,fhv
32,6770,56398,2024,fhv
43,2077,7604,2024,fhv
84,14419,15501,2024,fhv
212,6146,97743,2024,fhv
31,1025,19944,2024,fhv
119,6852,88762,2024,fhv
39,22118,96031,2024,fhv
187,18515,21707,2024,fhv
98,3534,8186,2024,fhv
232,9795,33405,2024,fhv
201,3529,5519,2024,fhv
203,5209,8538,2024,fhv
116,6024,58244,2024,fhv
145,11668,17894,2024,fhv
25,10623,27940,2024,fhv
157,4763,16352,2024,fhv
181,14048,50829,2024,fhv
124,3492,17933,2024,fhv
95,23190,58494,2024,fhv
227,14900,68663,2024,fhv
71,12645,54945,2024,fhv
143,7879,11969,2024,fhv
193,7962,12537,2024,fhv
161,16960,26845,2024,fhv
68,14512,30140,2024,fhv
6,16771,17633,2024,fhv
87,11818,15213,2024,fhv
72,14592,82910,2024,fhv
215,12817,33330,2024,fhv
258,6207,63108,2024,fhv
58,398,4678,2024,fhv
255,10840,14570,2024,fhv
107,11722,36411,2024,fhv
221,67700,54352,2024,fhv
9,6376,12173,2024,fhv
63,5617,73450,2024,fhv
158,5479,6769,2024,fhv
27,272,458,2024,fhv
51,13795,55965,2024,fhv
56,38735,54139,2024,fhv
178,3506,17168,2024,fhv
239,7254,13786,2024,fhv
234,9411,16186,2024,fhv
150,10237,16799,2024,fhv
146,5650,9952,2024,fhv
52,2025,4207,2024,fhv
174,8809,105000,2024,fhv
17,16447,109317,2024,fhv
79,12702,29536,2024,fhv
170,16599,42336,2024,fhv
209,3642,16188,2024,fhv
236,10571,23963,2024,fhv
253,183,1523,2024,fhv
139,5937,9558,2024,fhv
246,12170,17784,2024,fhv
242,15696,157623,2024,fhv
226,14051,32257,2024,fhv
41,9979,65516,2024,fhv
208,6559,64630,2024,fhv
33,9446,20233,2024,fhv
28,7462,32451,2024,fhv
88,6340,7057,2024,fhv
248,4530,96783,2024,fhv
257,2295,8273,2024,fhv
138,32044,75010,2024,fhv
207,186,720,2024,fhv
235,8689,116440,2024,fhv
114,5983,8418,2024,fhv
5,6873,7759,2024,fhv
1,7420,32775,2024,fhv
153,993,12132,2024,fhv
115,31854,26684,2024,fhv
250,5469,89736,2024,fhv
96,238,8917,2024,fhv
185,7942,77134,2024,fhv
219,5332,11735,2024,fhv
214,37582,41863,2024,fhv
252,6016,10245,2024,fhv
10,10518,25520,2024,fhv
120,174,8499,2024,fhv
89,21091,74800,2024,fhv
197,11884,89920,2024,fhv
128,330,5244,2024,fhv
85,6590,31378,2024,fhv
106,3186,10107,2024,fhv
111,60,1043,2024,fhv
177,10415,65071,2024,fhv
179,25317,32115,2024,fhv
48,13391,26446,2024,fhv
224,3214,5623,2024,fhv
67,3701,31197,2024,fhv
168,10799,138893,2024,fhv
254,11301,86043,2024,fhv
142,9209,18927,2024,fhv
100,6864,11740,2024,fhv
247,7220,112003,2024,fhv
131,8147,17344,2024,fhv
218,10479,16748,2024,fhv
108,12313,21851,2024,fhv
44,10831,11306,2024,fhv
132,30863,129475,2024,fhv
127,2726,75362,2024,fhv
123,36244,42957,2024,fhv
210,33662,46479,2024,fhv
205,15273,27254,2024,fhv
225,17228,70065,2024,fhv
220,5280,46774,2024,fhv
249,8571,10714,2024,fhv
61,31872,149093,2024,fhv
192,8374,20119,2024,fhv
213,11640,128227,2024,fhv
156,26665,30664,2024,fhv
160,4370,15584,2024,fhv
3,5370,44549,2024,fhv
206,66936,72878,2024,fhv
37,16433,85196,2024,fhv
101,4799,10501,2024,fhv
83,7116,20493,2024,fhv
200,2951,18931,2024,fhv
12,129,391,2024,fhv
141,9478,21181,2024,fhv
55,28949,50526,2024,fhv
74,11053,112275,2024,fhv
62,9574,36894,2024,fhv
182,6605,64997,2024,fhv
8,163,451,2024,fhv
186,6688,12868,2024,fhv
171,13979,20589,2024,fhv
11,6330,21867,2024,fhv
49,11515,49171,2024,fhv
35,18401,145596,2024,fhv
260,8614,29599,2024,fhv
166,5518,28170,2024,fhv
80,10607,33057,2024,fhv
2,13,93,2024,fhv
265,23171,250021,2024,fhv
66,5033,8157,2024,fhv
154,247,2093,2024,fhv
244,9111,189500,2024,fhv
162,12704,20397,2024,fhv
164,10156,16211,2024,fhv
176,9718,11130,2024,fhv
134,6825,28708,2024,fhv
245,30311,30503,2024,fhv
76,28919,279263,2024,fhv
102,4704,25115,2024,fhv
175,2883,5612,2024,fhv
233,9271,22479,2024,fhv
4,5347,16760,2024,fhv
92,40827,79441,2024,fhv
230,22411,27779,2024,fhv
163,10609,15120,2024,fhv
118,23433,27172,2024,fhv
13,8242,8151,2024,fhv
75,15657,112481,2024,fhv
36,8511,44464,2024,fhv
172,13613,16924,2024,fhv
78,11916,127871,2024,fhv
140,15418,54458,2024,fhv
18,6549,117147,2024,fhv
125,4318,4855,2024,fhv
69,10280,138048,2024,fhv
14,13608,113247,2024,fhv
216,14342,70412,2024,fhv
137,15231,48036,2024,fhv
173,23948,55640,2024,fhv
194,886,2615,2024,fhv
238,7066,19656,2024,fhv
21,13275,38197,2024,fhv
135,5774,13406,2024,fhv
129,39183,92614,2024,fhv
122,4156,10020,2024,fhv
59,125,4628,2024,fhv
81,6696,40984,2024,fhv
165,30076,57052,2024,fhv
15,4165,6431,2024,fhv
223,24397,34247,2024,fhv
195,4014,17739,2024,fhv
180,2342,20838,2024,fhv
82,30577,87286,2024,fhv
38,4800,7033,2024,fhv
97,14010,40847,2024,fhv
133,5704,22374,2024,fhv
42,14908,112552,2024,fhv
151,4570,18128,2024,fhv
73,7742,12437,2024,fhv
30,191,358,2024,fhv
159,9958,129125,2024,fhv
256,10460,33591,2024,fhv
90,7982,13484,2024,fhv
23,35381,40277,2024,fhv
117,10094,19734,2024,fhv
121,10502,30626,2024,fhv
217,2198,70810,2024,fhv
46,781,3448,2024,fhv
20,3746,71656,2024,fhv
70,11305,25525,2024,fhv
99,286,613,2024,fhv
231,14892,23653,2024,fhv
109,15082,16340,2024,fhv
86,13719,29720,2024,fhv
60,4411,64269,2024,fhv
189,4734,12884,2024,fhv
93,1772,15333,2024,fhv
251,21761,23769,2024,fhv
259,5866,43944,2024,fhv
40,2243,5679,2024,fhv
204,4688,4843,2024,fhv
147,3656,57666,2024,fhv
183,2034,22120,2024,fhv
240,866,12637,2024,fhv
263,6407,16279,2024,fhv
16,7295,15627,2024,fhv
64,2069,4770,2024,fhv
91,14127,57304,2024,fhv
152,2771,25739,2024,fhv
-1,9935308,1982454,2024,fhv
261,4819,9598,2024,fhv
148,10026,22081,2024,fhv
45,5618,21523,2024,fhv
53,5065,11737,2024,fhv
47,5972,92408,2024,fhv
169,9416,150262,2024,fhv
24,1930,9630,2024,fhv
211,4899,6419,2024,fhv
110,6,12,2024,fhv
105,3,18,2024,fhv
29,32218,39685,2023,fhv
26,13786,266355,2023,fhv
191,6239,18593,2023,fhv
65,14812,29899,2023,fhv
222,10435,35640,2023,fhv
243,5908,124536,2023,fhv
19,2828,8282,2023,fhv
54,1435,3689,2023,fhv
113,14328,18487,2023,fhv
112,17914,24701,2023,fhv
167,7447,101241,2023,fhv
155,9475,35062,2023,fhv
237,18843,34589,2023,fhv
241,3983,79704,2023,fhv
22,11614,80640,2023,fhv
198,10473,67674,2023,fhv
196,13446,34458,2023,fhv
130,14292,111284,2023,fhv
7,47299,62391,2023,fhv
77,8762,99864,2023,fhv
34,1573,5679,2023,fhv
184,202,5490,2023,fhv
188,26206,122225,2023,fhv
228,12915,108927,2023,fhv
126,3931,87227,2023,fhv
202,2914,4361,2023,fhv
262,9856,17098,2023,fhv
149,18040,37007,2023,fhv
50,20239,31438,2023,fhv
94,2839,64562,2023,fhv
264,141,172,2023,fhv
229,16112,24295,2023,fhv
190,1462,5850,2023,fhv
110,17,54,2023,fhv
57,1704,5214,2023,fhv
136,3291,71481,2023,fhv
144,17298,29882,2023,fhv
43,3629,11408,2023,fhv
32,4927,60283,2023,fhv
84,19405,20623,2023,fhv
212,4841,98761,2023,fhv
31,729,21559,2023,fhv
119,5636,94657,2023,fhv
98,3130,9605,2023,fhv
39,24452,108211,2023,fhv
187,21204,24842,2023,fhv
232,17904,43697,2023,fhv
201,3432,5094,2023,fhv
203,2828,7572,2023,fhv
145,16644,25227,2023,fhv
116,6150,58421,2023,fhv
25,15352,38201,2023,fhv
157,5425,19827,2023,fhv
181,19967,70797,2023,fhv
124,2532,23208,2023,fhv
227,14804,101810,2023,fhv
95,22510,72751,2023,fhv
143,16100,20625,2023,fhv
71,12529,66993,2023,fhv
161,31886,44920,2023,fhv
193,9289,14878,2023,fhv
6,20838,21900,2023,fhv
68,28180,43453,2023,fhv
87,21095,24247,2023,fhv
215,7361,35393,2023,fhv
72,14796,98710,2023,fhv
258,6169,95917,2023,fhv
255,22254,25146,2023,fhv
58,252,4083,2023,fhv
221,79001,64212,2023,fhv
107,24214,46962,2023,fhv
9,7486,14561,2023,fhv
158,11984,12838,2023,fhv
63,5683,94842,2023,fhv
27,274,486,2023,fhv
56,43592,62349,2023,fhv
51,7428,76692,2023,fhv
178,3418,25469,2023,fhv
239,14389,21645,2023,fhv
234,23310,29594,2023,fhv
150,7782,13835,2023,fhv
146,9013,13180,2023,fhv
52,2464,5240,2023,fhv
174,7999,131140,2023,fhv
170,30953,59779,2023,fhv
209,7364,12204,2023,fhv
79,33669,46191,2023,fhv
17,25915,136568,2023,fhv
236,18444,35181,2023,fhv
253,286,2242,2023,fhv
139,3290,7665,2023,fhv
246,24831,33604,2023,fhv
242,14003,167033,2023,fhv
226,19065,42507,2023,fhv
41,10925,66077,2023,fhv
28,7392,42416,2023,fhv
88,13414,11416,2023,fhv
33,12613,26482,2023,fhv
208,4333,55763,2023,fhv
257,2738,13638,2023,fhv
248,3652,87269,2023,fhv
138,44700,111777,2023,fhv
207,178,1017,2023,fhv
235,6923,118563,2023,fhv
114,15603,17426,2023,fhv
5,7885,8524,2023,fhv
1,11499,59828,2023,fhv
115,37263,33888,2023,fhv
153,781,13011,2023,fhv
250,4201,80071,2023,fhv
96,298,13374,2023,fhv
185,5519,78462,2023,fhv
219,3300,11339,2023,fhv
214,43935,49362,2023,fhv
252,15566,17796,2023,fhv
10,7158,27361,2023,fhv
120,219,9817,2023,fhv
89,23330,93631,2023,fhv
197,9462,128159,2023,fhv
128,391,5897,2023,fhv
106,4838,16041,2023,fhv
85,6741,37820,2023,fhv
111,67,2138,2023,fhv
177,9904,77190,2023,fhv
179,37530,41845,2023,fhv
48,26958,38372,2023,fhv
224,7433,10440,2023,fhv
67,4428,47318,2023,fhv
142,17448,28706,2023,fhv
168,9894,130955,2023,fhv
254,7602,120209,2023,fhv
100,14895,20004,2023,fhv
247,6856,116969,2023,fhv
131,5946,21027,2023,fhv
108,11008,24854,2023,fhv
218,5184,12654,2023,fhv
44,13189,14459,2023,fhv
132,46580,194603,2023,fhv
123,28389,50755,2023,fhv
127,2924,84597,2023,fhv
210,25414,46125,2023,fhv
205,7881,23495,2023,fhv
225,24059,87489,2023,fhv
249,19913,20366,2023,fhv
220,3876,52246,2023,fhv
61,41728,193099,2023,fhv
192,10440,25451,2023,fhv
213,8448,138278,2023,fhv
156,34077,37450,2023,fhv
160,3774,19343,2023,fhv
3,3743,54554,2023,fhv
206,86938,87762,2023,fhv
37,26525,106839,2023,fhv
101,3636,11432,2023,fhv
83,7692,23261,2023,fhv
200,2624,21799,2023,fhv
12,319,532,2023,fhv
141,16581,31094,2023,fhv
55,25995,49492,2023,fhv
74,14522,130187,2023,fhv
62,15116,50115,2023,fhv
182,3917,55772,2023,fhv
8,229,601,2023,fhv
186,13897,21393,2023,fhv
171,20126,28752,2023,fhv
11,5772,27930,2023,fhv
49,15902,45498,2023,fhv
35,19243,162199,2023,fhv
260,12125,35320,2023,fhv
166,9348,34577,2023,fhv
80,17975,46498,2023,fhv
2,34,123,2023,fhv
265,44961,367962,2023,fhv
66,9540,12409,2023,fhv
154,248,2286,2023,fhv
244,11496,200689,2023,fhv
162,23368,31894,2023,fhv
164,23122,28781,2023,fhv
176,11988,13944,2023,fhv
245,36236,37339,2023,fhv
134,6650,37322,2023,fhv
76,26533,319354,2023,fhv
102,4480,34450,2023,fhv
175,3539,6799,2023,fhv
233,16908,33275,2023,fhv
230,38594,42930,2023,fhv
92,59006,112708,2023,fhv
4,9812,21756,2023,fhv
163,20291,24814,2023,fhv
118,28648,33644,2023,fhv
13,15840,15145,2023,fhv
36,14350,66566,2023,fhv
75,19589,126479,2023,fhv
172,16575,20414,2023,fhv
78,8883,122238,2023,fhv
140,23322,64935,2023,fhv
18,6287,121472,2023,fhv
125,7810,8538,2023,fhv
69,9143,146463,2023,fhv
14,14792,145515,2023,fhv
216,12413,89288,2023,fhv
137,28571,58776,2023,fhv
173,28191,65899,2023,fhv
194,1007,3195,2023,fhv
21,12514,49343,2023,fhv
238,12099,26375,2023,fhv
135,5619,16235,2023,fhv
129,46312,107505,2023,fhv
122,2711,10418,2023,fhv
59,212,4632,2023,fhv
165,23916,62593,2023,fhv
223,34483,45096,2023,fhv
15,13199,14938,2023,fhv
81,3786,58981,2023,fhv
195,5305,19823,2023,fhv
180,2313,28248,2023,fhv
82,35977,104972,2023,fhv
38,2358,4953,2023,fhv
133,6874,40293,2023,fhv
97,20061,51495,2023,fhv
42,15742,113990,2023,fhv
73,11318,17477,2023,fhv
151,6923,22322,2023,fhv
30,144,403,2023,fhv
90,16181,21359,2023,fhv
256,22596,50214,2023,fhv
159,11267,140080,2023,fhv
23,42483,49738,2023,fhv
117,8790,17454,2023,fhv
121,12115,37173,2023,fhv
217,4042,89851,2023,fhv
46,493,3629,2023,fhv
70,13281,30344,2023,fhv
20,3613,75762,2023,fhv
99,370,966,2023,fhv
231,28085,36419,2023,fhv
109,18265,19194,2023,fhv
86,11928,25857,2023,fhv
189,7431,17150,2023,fhv
60,3429,63766,2023,fhv
93,2626,20452,2023,fhv
251,26363,28991,2023,fhv
204,6860,6858,2023,fhv
40,3342,8504,2023,fhv
259,4857,69994,2023,fhv
147,2887,57604,2023,fhv
183,1778,20504,2023,fhv
263,12798,24606,2023,fhv
240,782,15762,2023,fhv
16,11359,23073,2023,fhv
64,2346,5645,2023,fhv
91,13144,61487,2023,fhv
152,5049,30861,2023,fhv
-1,12333652,2793673,2023,fhv
261,9362,13597,2023,fhv
45,11157,29577,2023,fhv
148,23858,37402,2023,fhv
47,5899,101286,2023,fhv
53,8053,15424,2023,fhv
169,10073,162418,2023,fhv
24,3181,11902,2023,fhv
211,11433,13682,2023,fhv
105,6,33,2023,fhv
104,1,1,2023,fhv
29,35810,36187,2022,fhv
26,19606,202057,2022,fhv
65,13029,25678,2022,fhv
191,8646,19299,2022,fhv
222,15141,37439,2022,fhv
243,6567,90816,2022,fhv
54,820,2487,2022,fhv
19,3747,7304,2022,fhv
155,14643,35930,2022,fhv
113,12150,14983,2022,fhv
167,10884,88534,2022,fhv
112,8456,16122,2022,fhv
237,17737,30737,2022,fhv
241,6882,66959,2022,fhv
198,7807,93501,2022,fhv
22,14903,74659,2022,fhv
130,16496,114933,2022,fhv
196,13526,35283,2022,fhv
77,13264,97278,2022,fhv
7,43289,58908,2022,fhv
34,526,5069,2022,fhv
184,383,5162,2022,fhv
188,31818,120829,2022,fhv
126,5728,73184,2022,fhv
228,13721,97312,2022,fhv
202,3181,4096,2022,fhv
262,5914,12012,2022,fhv
94,5052,56132,2022,fhv
50,12246,21204,2022,fhv
149,24347,32050,2022,fhv
229,13605,21492,2022,fhv
190,1539,5140,2022,fhv
136,6502,61743,2022,fhv
57,1511,5246,2022,fhv
144,12738,22572,2022,fhv
43,3774,9616,2022,fhv
32,6976,67494,2022,fhv
84,10705,11952,2022,fhv
212,7997,84771,2022,fhv
31,1183,19117,2022,fhv
119,11604,81866,2022,fhv
39,37781,117325,2022,fhv
187,11032,15059,2022,fhv
98,3696,9271,2022,fhv
232,15582,38945,2022,fhv
201,7198,7979,2022,fhv
203,4647,8856,2022,fhv
116,7920,48479,2022,fhv
145,9790,17599,2022,fhv
25,16630,33955,2022,fhv
157,4376,23054,2022,fhv
181,22226,62903,2022,fhv
124,4961,26355,2022,fhv
227,14661,90822,2022,fhv
95,24795,74391,2022,fhv
71,17416,70387,2022,fhv
143,11192,17141,2022,fhv
161,28760,36350,2022,fhv
193,9721,14684,2022,fhv
6,12070,13488,2022,fhv
68,24628,33308,2022,fhv
72,22956,104717,2022,fhv
87,16129,17881,2022,fhv
215,10468,39260,2022,fhv
258,7120,111071,2022,fhv
58,399,3722,2022,fhv
255,8019,14285,2022,fhv
107,23912,41929,2022,fhv
221,45960,40044,2022,fhv
9,8434,14639,2022,fhv
63,7841,103985,2022,fhv
158,9404,10592,2022,fhv
27,472,606,2022,fhv
51,13113,109433,2022,fhv
56,35833,58555,2022,fhv
178,4578,19245,2022,fhv
234,19233,24284,2022,fhv
239,11042,16748,2022,fhv
150,12076,13593,2022,fhv
146,7809,11466,2022,fhv
52,2097,4096,2022,fhv
174,13512,147833,2022,fhv
17,19095,135001,2022,fhv
79,24980,35857,2022,fhv
170,29838,51423,2022,fhv
209,7628,10819,2022,fhv
236,17812,31296,2022,fhv
253,355,2361,2022,fhv
139,5874,9888,2022,fhv
246,16340,21079,2022,fhv
242,25323,174219,2022,fhv
226,17382,44107,2022,fhv
41,15733,53596,2022,fhv
208,6389,47748,2022,fhv
33,13601,25967,2022,fhv
257,5461,14176,2022,fhv
248,5665,75094,2022,fhv
28,6377,43681,2022,fhv
88,14383,9282,2022,fhv
138,22560,93063,2022,fhv
207,241,1022,2022,fhv
235,11109,101898,2022,fhv
114,12201,13444,2022,fhv
5,4841,5008,2022,fhv
1,2882,40428,2022,fhv
115,15452,18202,2022,fhv
153,1250,12114,2022,fhv
250,6463,65022,2022,fhv
96,363,15643,2022,fhv
185,11118,80687,2022,fhv
219,4328,12940,2022,fhv
214,25912,29641,2022,fhv
252,18984,20805,2022,fhv
120,272,7726,2022,fhv
10,8264,27930,2022,fhv
89,31289,97060,2022,fhv
197,12563,147905,2022,fhv
128,813,5197,2022,fhv
85,8519,39372,2022,fhv
111,59,1900,2022,fhv
106,5610,14275,2022,fhv
177,14870,78564,2022,fhv
179,38776,42845,2022,fhv
67,5651,42131,2022,fhv
224,5711,7960,2022,fhv
48,20836,28723,2022,fhv
168,13902,118688,2022,fhv
254,12549,169308,2022,fhv
142,15140,24298,2022,fhv
247,10173,97690,2022,fhv
100,13410,17160,2022,fhv
131,7310,21465,2022,fhv
105,11,35,2022,fhv
108,13890,24460,2022,fhv
218,8459,16141,2022,fhv
132,30558,169447,2022,fhv
44,11611,11175,2022,fhv
127,4641,64266,2022,fhv
123,41769,45455,2022,fhv
210,34322,42082,2022,fhv
205,13719,28902,2022,fhv
225,22126,84217,2022,fhv
249,16455,16932,2022,fhv
220,6303,51534,2022,fhv
61,48543,186580,2022,fhv
213,13565,123363,2022,fhv
192,10901,26433,2022,fhv
156,18865,23545,2022,fhv
160,4013,24005,2022,fhv
3,6063,66293,2022,fhv
206,73087,67037,2022,fhv
37,19377,118285,2022,fhv
101,4384,8847,2022,fhv
83,6545,22796,2022,fhv
200,3512,22911,2022,fhv
12,161,460,2022,fhv
141,13770,24816,2022,fhv
55,33157,48277,2022,fhv
74,24053,105456,2022,fhv
62,15309,50290,2022,fhv
182,7125,50252,2022,fhv
8,242,959,2022,fhv
186,12730,18244,2022,fhv
171,22968,32430,2022,fhv
11,7083,25464,2022,fhv
49,13220,41487,2022,fhv
35,27121,163623,2022,fhv
260,12371,36993,2022,fhv
166,8856,27966,2022,fhv
80,11882,43125,2022,fhv
2,41,156,2022,fhv
265,51085,364964,2022,fhv
154,498,2096,2022,fhv
66,4080,7708,2022,fhv
244,16521,153474,2022,fhv
162,23658,27316,2022,fhv
164,16106,21029,2022,fhv
176,6069,7819,2022,fhv
245,22709,26008,2022,fhv
134,8924,42065,2022,fhv
76,42225,325124,2022,fhv
102,7622,45895,2022,fhv
175,4279,7513,2022,fhv
233,13334,25672,2022,fhv
92,66063,123380,2022,fhv
163,18098,20318,2022,fhv
230,34276,34765,2022,fhv
4,10008,18149,2022,fhv
118,15775,18120,2022,fhv
13,13330,11212,2022,fhv
75,28986,98853,2022,fhv
36,8110,79275,2022,fhv
172,9126,11213,2022,fhv
78,12706,106594,2022,fhv
18,9766,110852,2022,fhv
125,5995,6386,2022,fhv
140,25065,52757,2022,fhv
69,16549,128296,2022,fhv
14,18980,133228,2022,fhv
216,13949,102298,2022,fhv
173,25162,64587,2022,fhv
137,31652,50206,2022,fhv
194,865,2522,2022,fhv
135,7469,18617,2022,fhv
238,11739,22752,2022,fhv
21,15283,45180,2022,fhv
129,47670,105903,2022,fhv
59,319,4397,2022,fhv
122,3984,11560,2022,fhv
81,6442,91925,2022,fhv
165,31081,55760,2022,fhv
15,15369,15944,2022,fhv
223,33876,48290,2022,fhv
195,5050,15293,2022,fhv
180,2654,33315,2022,fhv
82,33668,104444,2022,fhv
38,3326,6506,2022,fhv
97,22487,49890,2022,fhv
133,9049,34357,2022,fhv
42,28951,103172,2022,fhv
151,6945,18396,2022,fhv
73,12013,19254,2022,fhv
30,155,379,2022,fhv
256,9994,44943,2022,fhv
159,14372,112070,2022,fhv
90,13802,17826,2022,fhv
117,15470,28584,2022,fhv
23,20688,25600,2022,fhv
121,14920,36445,2022,fhv
217,5122,110173,2022,fhv
46,812,3404,2022,fhv
20,6041,69589,2022,fhv
70,12725,29074,2022,fhv
99,260,856,2022,fhv
231,27031,32273,2022,fhv
86,18679,32437,2022,fhv
109,9860,10778,2022,fhv
60,4842,55140,2022,fhv
189,5881,15359,2022,fhv
93,1950,20303,2022,fhv
259,8253,103112,2022,fhv
204,4398,4264,2022,fhv
40,2809,7579,2022,fhv
251,14994,18151,2022,fhv
147,5512,50580,2022,fhv
183,2735,18096,2022,fhv
263,10531,19135,2022,fhv
240,1193,15665,2022,fhv
16,12948,21703,2022,fhv
64,3207,6310,2022,fhv
91,21055,65551,2022,fhv
152,6739,26634,2022,fhv
-1,11020778,2311546,2022,fhv
261,7586,10314,2022,fhv
45,10278,26712,2022,fhv
47,10263,89477,2022,fhv
148,15498,28934,2022,fhv
53,8856,16569,2022,fhv
169,18938,137053,2022,fhv
24,2461,8395,2022,fhv
211,8624,9999,2022,fhv
110,13,18,2022,fhv
264,38,34,2022,fhv
26,11616,276741,2021,fhv
29,35679,36199,2021,fhv
65,4913,20777,2021,fhv
191,3725,14482,2021,fhv
222,10337,35106,2021,fhv
243,4742,121620,2021,fhv
19,1832,7123,2021,fhv
54,744,3059,2021,fhv
167,11089,106838,2021,fhv
113,6038,12496,2021,fhv
155,8911,33594,2021,fhv
112,2470,13594,2021,fhv
241,5650,78401,2021,fhv
237,11159,24237,2021,fhv
198,3604,98820,2021,fhv
22,11661,77982,2021,fhv
130,10010,112671,2021,fhv
196,10506,30875,2021,fhv
7,46342,60458,2021,fhv
77,7116,95097,2021,fhv
184,388,6153,2021,fhv
34,155,6460,2021,fhv
188,19057,129759,2021,fhv
228,8923,120294,2021,fhv
126,7193,92893,2021,fhv
202,1726,2328,2021,fhv
262,3030,9629,2021,fhv
94,5344,66849,2021,fhv
149,26579,31252,2021,fhv
50,4830,13635,2021,fhv
264,2362,2821,2021,fhv
229,8112,17146,2021,fhv
190,576,5905,2021,fhv
110,12,23,2021,fhv
136,6556,75333,2021,fhv
57,2845,7453,2021,fhv
144,6443,18886,2021,fhv
32,6736,77427,2021,fhv
43,1866,8348,2021,fhv
84,5000,5346,2021,fhv
212,8902,92012,2021,fhv
31,962,24568,2021,fhv
119,10180,99978,2021,fhv
39,26617,110709,2021,fhv
98,3424,8318,2021,fhv
187,5859,13802,2021,fhv
232,6720,35471,2021,fhv
201,6455,6373,2021,fhv
203,2189,6046,2021,fhv
116,5004,57540,2021,fhv
145,3852,13614,2021,fhv
25,6250,27478,2021,fhv
157,3660,23746,2021,fhv
181,21132,65663,2021,fhv
124,2032,21391,2021,fhv
227,13529,102516,2021,fhv
95,18095,59474,2021,fhv
71,11223,72181,2021,fhv
143,4014,10208,2021,fhv
161,15000,24694,2021,fhv
193,8661,12721,2021,fhv
68,12489,21822,2021,fhv
6,10042,13038,2021,fhv
215,6816,34783,2021,fhv
72,14573,106522,2021,fhv
87,7097,11153,2021,fhv
258,5665,94858,2021,fhv
58,502,3773,2021,fhv
255,2078,9911,2021,fhv
221,89442,53446,2021,fhv
107,12014,34841,2021,fhv
9,10304,14706,2021,fhv
63,4666,110462,2021,fhv
158,3949,5842,2021,fhv
27,378,632,2021,fhv
51,11350,136717,2021,fhv
56,48700,68709,2021,fhv
178,4367,23824,2021,fhv
234,8323,15866,2021,fhv
239,4927,11155,2021,fhv
150,9340,11479,2021,fhv
146,5952,11061,2021,fhv
52,1355,3932,2021,fhv
174,14765,167519,2021,fhv
17,8122,155408,2021,fhv
170,14589,38962,2021,fhv
79,12086,26677,2021,fhv
209,3323,8598,2021,fhv
236,10300,23660,2021,fhv
253,483,3304,2021,fhv
246,7659,12361,2021,fhv
139,3058,5837,2021,fhv
242,30129,190886,2021,fhv
226,11651,39235,2021,fhv
41,7614,57056,2021,fhv
248,6846,87699,2021,fhv
257,6405,16941,2021,fhv
28,4820,42628,2021,fhv
208,5113,49585,2021,fhv
88,6365,6949,2021,fhv
33,6677,21869,2021,fhv
207,176,1330,2021,fhv
138,12309,60844,2021,fhv
235,11754,127838,2021,fhv
114,5352,8059,2021,fhv
5,2639,2736,2021,fhv
1,2129,27315,2021,fhv
115,40176,33073,2021,fhv
153,1170,15665,2021,fhv
250,5274,70167,2021,fhv
96,286,13977,2021,fhv
185,14902,92950,2021,fhv
219,2200,10545,2021,fhv
214,14839,21029,2021,fhv
252,21417,22468,2021,fhv
10,5864,25722,2021,fhv
120,103,11676,2021,fhv
89,20015,103853,2021,fhv
197,9047,126317,2021,fhv
128,330,6405,2021,fhv
85,4995,42825,2021,fhv
106,4343,15329,2021,fhv
111,47,3161,2021,fhv
177,6941,75967,2021,fhv
179,41423,43473,2021,fhv
67,3573,38343,2021,fhv
48,10895,18956,2021,fhv
224,2224,5444,2021,fhv
168,13201,144840,2021,fhv
142,6164,15905,2021,fhv
254,11057,214516,2021,fhv
247,10022,122949,2021,fhv
100,9266,13854,2021,fhv
131,4632,18114,2021,fhv
105,14,82,2021,fhv
108,10323,21579,2021,fhv
218,4733,11541,2021,fhv
132,23331,125193,2021,fhv
44,7726,7052,2021,fhv
127,3345,80698,2021,fhv
123,39422,45635,2021,fhv
210,30817,39364,2021,fhv
205,6844,20753,2021,fhv
225,8929,83426,2021,fhv
220,4349,60013,2021,fhv
249,7300,10900,2021,fhv
61,24096,195350,2021,fhv
213,14753,139227,2021,fhv
192,13658,28458,2021,fhv
156,9724,20133,2021,fhv
160,3375,24036,2021,fhv
3,6263,78934,2021,fhv
206,80940,90736,2021,fhv
37,9901,114397,2021,fhv
101,2855,6778,2021,fhv
83,7731,24853,2021,fhv
200,1923,23857,2021,fhv
12,114,300,2021,fhv
141,7648,18601,2021,fhv
55,26699,44174,2021,fhv
74,17308,121155,2021,fhv
182,4943,49471,2021,fhv
62,7002,49010,2021,fhv
8,228,739,2021,fhv
186,5651,12743,2021,fhv
171,34733,37976,2021,fhv
11,6964,24525,2021,fhv
49,5465,42504,2021,fhv
35,14875,163507,2021,fhv
260,15960,41859,2021,fhv
166,3912,27713,2021,fhv
80,4120,38959,2021,fhv
199,4,12,2021,fhv
2,31,144,2021,fhv
265,48980,363959,2021,fhv
66,1436,7568,2021,fhv
154,264,2689,2021,fhv
244,11914,187159,2021,fhv
162,15281,21709,2021,fhv
164,6285,12690,2021,fhv
176,3019,4780,2021,fhv
134,6984,37980,2021,fhv
245,16083,20712,2021,fhv
76,19074,330472,2021,fhv
102,7761,44164,2021,fhv
175,3283,6427,2021,fhv
233,7254,20976,2021,fhv
92,74602,129492,2021,fhv
163,9767,13801,2021,fhv
230,23791,24824,2021,fhv
4,5362,17644,2021,fhv
118,9918,13968,2021,fhv
13,5933,7169,2021,fhv
75,19587,101314,2021,fhv
36,4297,83886,2021,fhv
172,4478,6933,2021,fhv
78,14894,122128,2021,fhv
18,10208,130580,2021,fhv
140,13366,44454,2021,fhv
125,2553,3940,2021,fhv
69,15602,151218,2021,fhv
14,10314,118672,2021,fhv
216,12295,96736,2021,fhv
137,16171,43828,2021,fhv
173,35340,80272,2021,fhv
194,412,2777,2021,fhv
135,5728,16219,2021,fhv
21,13387,44662,2021,fhv
238,5280,15218,2021,fhv
129,70793,127504,2021,fhv
122,2819,10073,2021,fhv
59,242,5447,2021,fhv
165,28642,57346,2021,fhv
81,4630,116413,2021,fhv
223,35619,45668,2021,fhv
15,16824,16265,2021,fhv
195,2857,17860,2021,fhv
180,1266,27159,2021,fhv
82,42222,120660,2021,fhv
38,1446,3791,2021,fhv
133,6023,44563,2021,fhv
97,7948,48384,2021,fhv
151,3832,15470,2021,fhv
42,18386,118872,2021,fhv
73,16754,22127,2021,fhv
30,134,358,2021,fhv
159,12786,123822,2021,fhv
256,2950,49880,2021,fhv
90,6441,11446,2021,fhv
23,10121,18733,2021,fhv
117,11284,16201,2021,fhv
121,12329,32107,2021,fhv
217,1650,144016,2021,fhv
46,506,3583,2021,fhv
70,16148,33393,2021,fhv
20,6879,81979,2021,fhv
99,176,775,2021,fhv
231,11660,22367,2021,fhv
86,11706,18579,2021,fhv
109,4302,5591,2021,fhv
60,4299,68001,2021,fhv
189,2944,15990,2021,fhv
93,1736,24216,2021,fhv
259,7658,124815,2021,fhv
251,8367,12660,2021,fhv
40,2478,7372,2021,fhv
204,2439,2557,2021,fhv
147,5256,59182,2021,fhv
183,2886,17796,2021,fhv
240,815,19611,2021,fhv
263,4016,12887,2021,fhv
64,1281,4102,2021,fhv
16,14288,22321,2021,fhv
152,7300,33303,2021,fhv
91,12803,61543,2021,fhv
-1,12106088,2183776,2021,fhv
261,2659,8040,2021,fhv
148,7448,23307,2021,fhv
47,10342,106491,2021,fhv
53,9973,17881,2021,fhv
45,4884,22892,2021,fhv
169,29284,170074,2021,fhv
24,1207,6655,2021,fhv
211,3790,5987,2021,fhv
104,1,1,2021,fhv
26,11056,143765,2020,fhv
29,31239,40104,2020,fhv
191,3668,15111,2020,fhv
65,5507,25036,2020,fhv
222,8283,31372,2020,fhv
243,7549,129947,2020,fhv
19,2500,7845,2020,fhv
54,1001,2912,2020,fhv
167,13226,127965,2020,fhv
112,2112,13421,2020,fhv
155,9263,31234,2020,fhv
113,2480,9723,2020,fhv
241,6477,91138,2020,fhv
237,9219,20795,2020,fhv
198,18629,85403,2020,fhv
22,13466,71052,2020,fhv
196,10670,29715,2020,fhv
130,11918,116954,2020,fhv
77,9724,94465,2020,fhv
7,54446,65207,2020,fhv
184,1556,9319,2020,fhv
34,307,6644,2020,fhv
188,18499,108861,2020,fhv
126,8489,115874,2020,fhv
228,9918,117009,2020,fhv
202,2427,2448,2020,fhv
262,2571,8663,2020,fhv
94,6264,78689,2020,fhv
50,3880,13031,2020,fhv
149,24460,35139,2020,fhv
264,8503812,1570691,2020,fhv
229,8698,14776,2020,fhv
190,539,5058,2020,fhv
136,8141,88154,2020,fhv
57,2632,7427,2020,fhv
144,5145,18221,2020,fhv
32,8165,86088,2020,fhv
43,2335,7507,2020,fhv
84,4887,5827,2020,fhv
212,9651,98646,2020,fhv
31,1175,32438,2020,fhv
119,10864,117535,2020,fhv
39,17625,97586,2020,fhv
187,12946,19505,2020,fhv
98,3110,7853,2020,fhv
232,5235,32529,2020,fhv
201,3408,5077,2020,fhv
203,2712,6431,2020,fhv
116,5863,62620,2020,fhv
145,4979,13990,2020,fhv
25,6529,28684,2020,fhv
157,5926,23202,2020,fhv
181,25617,63780,2020,fhv
124,2130,19523,2020,fhv
227,17604,93867,2020,fhv
95,16760,58493,2020,fhv
71,12878,64122,2020,fhv
143,2947,8964,2020,fhv
161,21548,23893,2020,fhv
193,18256,17456,2020,fhv
68,11435,19552,2020,fhv
6,8818,12307,2020,fhv
72,15707,97954,2020,fhv
215,8278,38087,2020,fhv
87,8953,10208,2020,fhv
58,1004,5414,2020,fhv
258,7445,95660,2020,fhv
255,1167,8923,2020,fhv
221,92036,63416,2020,fhv
107,7919,31169,2020,fhv
9,8295,13578,2020,fhv
158,1526,2667,2020,fhv
63,5799,112010,2020,fhv
27,192,398,2020,fhv
51,15915,129827,2020,fhv
56,48584,70196,2020,fhv
178,4030,19561,2020,fhv
234,6352,11903,2020,fhv
239,4903,10408,2020,fhv
150,9321,15976,2020,fhv
52,1493,3861,2020,fhv
146,8984,13718,2020,fhv
174,16560,178486,2020,fhv
17,8457,160248,2020,fhv
170,13418,35227,2020,fhv
79,5552,21458,2020,fhv
209,2211,7392,2020,fhv
236,9922,22342,2020,fhv
253,470,3273,2020,fhv
246,3961,7495,2020,fhv
139,2843,5753,2020,fhv
242,32508,193163,2020,fhv
226,12644,37778,2020,fhv
41,9841,68223,2020,fhv
248,7958,94874,2020,fhv
208,6462,56283,2020,fhv
28,4607,41250,2020,fhv
33,7557,20945,2020,fhv
257,6913,14161,2020,fhv
88,9008,7889,2020,fhv
138,18068,48723,2020,fhv
207,282,1547,2020,fhv
235,15901,159944,2020,fhv
114,2195,4726,2020,fhv
5,3111,3342,2020,fhv
1,5755,24953,2020,fhv
153,1647,17042,2020,fhv
115,39360,34708,2020,fhv
250,5938,76530,2020,fhv
96,340,14283,2020,fhv
185,17929,99484,2020,fhv
219,2456,9454,2020,fhv
214,11522,16565,2020,fhv
252,20172,21605,2020,fhv
10,8272,26284,2020,fhv
120,142,12785,2020,fhv
89,18573,90578,2020,fhv
197,9478,123934,2020,fhv
128,327,6816,2020,fhv
85,5049,37485,2020,fhv
106,4550,16549,2020,fhv
111,48,2844,2020,fhv
177,9015,82797,2020,fhv
179,41044,44474,2020,fhv
48,12232,17194,2020,fhv
67,4348,36104,2020,fhv
224,714,4929,2020,fhv
254,14889,215038,2020,fhv
168,18571,178462,2020,fhv
142,4813,13434,2020,fhv
247,10896,147291,2020,fhv
100,7725,10079,2020,fhv
131,5065,18247,2020,fhv
105,11,40,2020,fhv
218,5044,11603,2020,fhv
108,9209,22694,2020,fhv
44,9820,9541,2020,fhv
132,29402,97540,2020,fhv
127,4571,86691,2020,fhv
123,33020,47395,2020,fhv
210,28213,44214,2020,fhv
205,7419,22697,2020,fhv
225,9150,86391,2020,fhv
220,5254,62415,2020,fhv
249,2171,5728,2020,fhv
61,22571,189508,2020,fhv
213,17347,158683,2020,fhv
192,12523,27873,2020,fhv
156,16937,27850,2020,fhv
160,5331,21362,2020,fhv
3,6214,81569,2020,fhv
206,89668,89086,2020,fhv
101,3133,8646,2020,fhv
37,10799,111813,2020,fhv
83,7470,25444,2020,fhv
200,2619,26899,2020,fhv
12,69,317,2020,fhv
141,7217,17795,2020,fhv
55,23927,47556,2020,fhv
74,24385,143005,2020,fhv
182,5941,53209,2020,fhv
62,6502,39162,2020,fhv
8,235,715,2020,fhv
186,4585,8571,2020,fhv
171,27622,35342,2020,fhv
49,5795,48607,2020,fhv
11,7289,23107,2020,fhv
35,18023,161907,2020,fhv
166,4397,30545,2020,fhv
260,16093,40348,2020,fhv
80,3240,36983,2020,fhv
2,53,225,2020,fhv
265,51318,339689,2020,fhv
154,324,2530,2020,fhv
66,1336,7558,2020,fhv
244,13315,187950,2020,fhv
162,26087,21747,2020,fhv
164,3740,10064,2020,fhv
176,2525,4450,2020,fhv
245,16755,23021,2020,fhv
134,7552,39036,2020,fhv
76,20572,312069,2020,fhv
175,2887,5824,2020,fhv
102,13494,40615,2020,fhv
233,5871,17511,2020,fhv
163,9435,11209,2020,fhv
92,62100,120882,2020,fhv
230,19691,18943,2020,fhv
4,3069,17029,2020,fhv
118,6429,10725,2020,fhv
13,10034,5747,2020,fhv
36,11385,76972,2020,fhv
75,23776,105537,2020,fhv
172,4140,5965,2020,fhv
78,23423,155518,2020,fhv
18,13992,153641,2020,fhv
140,13280,47068,2020,fhv
125,2270,2983,2020,fhv
69,20214,191619,2020,fhv
14,11591,109943,2020,fhv
216,17135,89049,2020,fhv
173,42288,86615,2020,fhv
137,16330,45888,2020,fhv
194,680,2757,2020,fhv
238,5717,15205,2020,fhv
21,13065,45338,2020,fhv
135,5614,15260,2020,fhv
129,72346,127964,2020,fhv
59,559,7287,2020,fhv
122,2982,10558,2020,fhv
81,6287,118685,2020,fhv
165,22763,49941,2020,fhv
223,35777,44305,2020,fhv
15,14450,15445,2020,fhv
195,3696,16993,2020,fhv
180,1561,25742,2020,fhv
82,41808,114197,2020,fhv
38,1838,3792,2020,fhv
97,9636,56469,2020,fhv
133,7291,31081,2020,fhv
42,18173,132258,2020,fhv
151,3786,15279,2020,fhv
73,13121,20666,2020,fhv
30,322,562,2020,fhv
159,16796,146880,2020,fhv
256,2612,52247,2020,fhv
90,3863,9065,2020,fhv
23,10547,21628,2020,fhv
117,11383,34828,2020,fhv
121,13489,33397,2020,fhv
217,1402,147691,2020,fhv
46,737,3943,2020,fhv
20,8342,92356,2020,fhv
70,19558,35790,2020,fhv
99,261,781,2020,fhv
231,8450,18044,2020,fhv
86,24502,21923,2020,fhv
109,4378,5883,2020,fhv
60,6478,82787,2020,fhv
189,2654,15415,2020,fhv
93,1385,22134,2020,fhv
259,23218,109132,2020,fhv
251,8373,14140,2020,fhv
40,2807,6819,2020,fhv
204,2381,2716,2020,fhv
147,7061,70417,2020,fhv
183,3238,19321,2020,fhv
240,1062,23714,2020,fhv
263,4956,13038,2020,fhv
16,12492,20426,2020,fhv
64,1204,3707,2020,fhv
91,13578,58318,2020,fhv
152,6283,33871,2020,fhv
-1,3573702,591444,2020,fhv
261,5362,9216,2020,fhv
47,13649,130770,2020,fhv
148,3301,19332,2020,fhv
53,12256,18970,2020,fhv
45,4608,21681,2020,fhv
169,33312,203246,2020,fhv
24,1302,6997,2020,fhv
211,975,3040,2020,fhv
110,12,18,2020,fhv
199,1,36,2020,fhv
26,102890,160583,2019,fhv
29,48461,58846,2019,fhv
65,101074,104960,2019,fhv
191,42584,41656,2019,fhv
222,25504,31860,2019,fhv
243,117614,177934,2019,fhv
19,14528,15690,2019,fhv
54,15300,14561,2019,fhv
113,156572,140033,2019,fhv
112,168721,175779,2019,fhv
167,89706,129648,2019,fhv
155,57059,72164,2019,fhv
237,222297,211562,2019,fhv
241,76408,116706,2019,fhv
22,71223,110399,2019,fhv
198,197140,205913,2019,fhv
130,108415,172034,2019,fhv
196,57431,65609,2019,fhv
7,268194,270606,2019,fhv
77,54543,83709,2019,fhv
184,5687,10201,2019,fhv
34,16880,18621,2019,fhv
188,162172,195314,2019,fhv
202,15123,16648,2019,fhv
126,54238,105928,2019,fhv
228,84660,140045,2019,fhv
262,119687,108509,2019,fhv
149,51737,65570,2019,fhv
50,131746,113250,2019,fhv
94,42277,71646,2019,fhv
264,16865242,4162761,2019,fhv
229,190697,153302,2019,fhv
190,14287,18347,2019,fhv
57,5922,8363,2019,fhv
136,60726,96237,2019,fhv
144,194007,169565,2019,fhv
32,50181,87487,2019,fhv
43,76094,78065,2019,fhv
84,13533,13668,2019,fhv
212,50944,88911,2019,fhv
31,12047,25406,2019,fhv
119,83119,123908,2019,fhv
39,146173,168090,2019,fhv
98,20766,24550,2019,fhv
187,24727,28051,2019,fhv
232,116548,116796,2019,fhv
201,9407,11652,2019,fhv
203,29705,28211,2019,fhv
145,140273,151772,2019,fhv
116,98624,123802,2019,fhv
25,126292,126729,2019,fhv
157,60658,63648,2019,fhv
181,235912,251210,2019,fhv
124,22375,30172,2019,fhv
95,129031,162206,2019,fhv
227,58310,101091,2019,fhv
143,137050,120127,2019,fhv
71,86477,104458,2019,fhv
161,372217,322942,2019,fhv
193,43535,39685,2019,fhv
68,247031,240390,2019,fhv
6,10510,12777,2019,fhv
215,50963,58999,2019,fhv
87,156047,144075,2019,fhv
72,115418,131876,2019,fhv
258,54602,91205,2019,fhv
255,209187,198709,2019,fhv
58,5270,7052,2019,fhv
107,226112,211418,2019,fhv
221,45144,35638,2019,fhv
9,25611,28726,2019,fhv
63,55774,98166,2019,fhv
158,146024,130170,2019,fhv
27,649,1166,2019,fhv
51,80836,137758,2019,fhv
56,134033,115950,2019,fhv
178,22626,30343,2019,fhv
239,174604,166766,2019,fhv
234,329035,285091,2019,fhv
150,28614,36101,2019,fhv
146,61943,67484,2019,fhv
52,32567,30805,2019,fhv
174,85929,170704,2019,fhv
170,261846,239805,2019,fhv
79,361286,315545,2019,fhv
209,48394,49135,2019,fhv
17,187134,230093,2019,fhv
236,203313,205381,2019,fhv
253,1280,2910,2019,fhv
246,243906,240307,2019,fhv
139,26730,23920,2019,fhv
226,134177,157549,2019,fhv
242,99892,180778,2019,fhv
41,148752,166797,2019,fhv
257,34592,41505,2019,fhv
28,38119,57335,2019,fhv
88,65961,58829,2019,fhv
33,108465,114029,2019,fhv
208,53473,76822,2019,fhv
248,49930,85166,2019,fhv
138,336709,426527,2019,fhv
207,526,1644,2019,fhv
235,105557,164760,2019,fhv
114,156404,140619,2019,fhv
5,8616,8796,2019,fhv
1,23649,158445,2019,fhv
153,14721,20734,2019,fhv
115,15221,17014,2019,fhv
96,3767,11516,2019,fhv
250,45609,79080,2019,fhv
185,65054,102508,2019,fhv
219,30445,29024,2019,fhv
214,18593,20629,2019,fhv
252,51739,49441,2019,fhv
10,55228,54493,2019,fhv
120,8163,14279,2019,fhv
89,161747,197498,2019,fhv
197,70230,122895,2019,fhv
128,5439,8946,2019,fhv
85,56117,66651,2019,fhv
106,50833,49729,2019,fhv
111,1398,2905,2019,fhv
177,88592,111149,2019,fhv
179,110809,109153,2019,fhv
224,61090,54352,2019,fhv
48,316372,275685,2019,fhv
67,34549,57705,2019,fhv
168,128468,198298,2019,fhv
254,95198,189165,2019,fhv
142,174285,181609,2019,fhv
100,176155,149629,2019,fhv
247,103472,154742,2019,fhv
131,30711,38939,2019,fhv
108,30667,40744,2019,fhv
218,32195,29311,2019,fhv
132,426637,525408,2019,fhv
44,15693,13740,2019,fhv
123,65569,83863,2019,fhv
127,72483,117656,2019,fhv
210,67583,79991,2019,fhv
205,61978,59429,2019,fhv
225,189038,221233,2019,fhv
249,216057,186045,2019,fhv
220,71384,92571,2019,fhv
61,321523,372836,2019,fhv
192,43753,49145,2019,fhv
213,95542,156889,2019,fhv
156,34356,35424,2019,fhv
160,50687,60396,2019,fhv
3,42514,79626,2019,fhv
206,87545,85359,2019,fhv
37,236764,291363,2019,fhv
101,18895,19288,2019,fhv
83,49603,60099,2019,fhv
200,36980,52605,2019,fhv
12,4256,5584,2019,fhv
141,185181,172154,2019,fhv
55,47213,62250,2019,fhv
74,165358,211511,2019,fhv
62,85765,94576,2019,fhv
182,47676,67080,2019,fhv
8,1203,1544,2019,fhv
186,151326,186906,2019,fhv
171,67744,67972,2019,fhv
49,145158,160486,2019,fhv
11,24014,34943,2019,fhv
35,114400,150345,2019,fhv
166,106707,126457,2019,fhv
260,95468,117663,2019,fhv
80,160543,174742,2019,fhv
2,33,138,2019,fhv
265,419446,11004193,2019,fhv
66,91017,82254,2019,fhv
154,1991,3686,2019,fhv
244,174464,263975,2019,fhv
162,267553,230424,2019,fhv
164,242735,214747,2019,fhv
176,7581,8061,2019,fhv
245,24183,28260,2019,fhv
134,40494,59644,2019,fhv
175,19389,23271,2019,fhv
76,178985,289045,2019,fhv
102,67370,70232,2019,fhv
233,174182,155897,2019,fhv
92,201025,232072,2019,fhv
4,99054,89532,2019,fhv
230,288522,240939,2019,fhv
163,189065,168320,2019,fhv
118,23052,27966,2019,fhv
13,143552,116285,2019,fhv
75,166316,204532,2019,fhv
36,200579,224974,2019,fhv
172,12360,12628,2019,fhv
78,94899,149067,2019,fhv
140,178635,182416,2019,fhv
125,95857,78226,2019,fhv
18,100294,160070,2019,fhv
69,141669,210271,2019,fhv
14,106173,162208,2019,fhv
216,97285,129792,2019,fhv
173,117946,125660,2019,fhv
137,191370,185467,2019,fhv
194,2642,5198,2019,fhv
238,169896,164473,2019,fhv
135,38715,44316,2019,fhv
21,57899,79750,2019,fhv
129,239990,265795,2019,fhv
122,18798,20367,2019,fhv
59,3569,6144,2019,fhv
223,142529,150478,2019,fhv
81,60056,111542,2019,fhv
15,36253,33695,2019,fhv
165,69800,87565,2019,fhv
195,40602,44988,2019,fhv
180,26562,37868,2019,fhv
82,179717,230289,2019,fhv
38,16735,16153,2019,fhv
97,152662,161050,2019,fhv
133,42431,54270,2019,fhv
73,38096,39178,2019,fhv
151,84758,88024,2019,fhv
42,196041,236390,2019,fhv
30,693,919,2019,fhv
159,102970,159445,2019,fhv
90,173269,149336,2019,fhv
256,169348,181207,2019,fhv
23,29943,36966,2019,fhv
117,27937,42992,2019,fhv
121,49922,58614,2019,fhv
217,33090,65326,2019,fhv
46,3732,5332,2019,fhv
70,78113,71757,2019,fhv
20,60790,97526,2019,fhv
99,918,1422,2019,fhv
231,277665,254256,2019,fhv
86,45956,31490,2019,fhv
109,14839,15039,2019,fhv
60,47608,75497,2019,fhv
189,84842,89723,2019,fhv
93,10027,29039,2019,fhv
204,6735,6242,2019,fhv
259,79717,106611,2019,fhv
251,18782,21277,2019,fhv
40,57728,56484,2019,fhv
147,52231,77435,2019,fhv
183,20930,28376,2019,fhv
240,16321,24100,2019,fhv
263,156807,157316,2019,fhv
64,13678,15904,2019,fhv
16,56883,58856,2019,fhv
91,98754,112589,2019,fhv
152,57572,71989,2019,fhv
261,89500,81490,2019,fhv
-1,2024082,723705,2019,fhv
148,248540,217883,2019,fhv
53,36966,44428,2019,fhv
45,63829,74561,2019,fhv
47,78521,122838,2019,fhv
169,129122,193597,2019,fhv
24,35868,38797,2019,fhv
211,136489,120490,2019,fhv
110,25,44,2019,fhv
199,16,21,2019,fhv
105,23,29,2019,fhv
0,215,28277,2019,fhv
26,954308,979813,2018,fhv
29,389635,407740,2018,fhv
65,1134866,1067361,2018,fhv
191,409488,348428,2018,fhv
222,231560,221361,2018,fhv
243,1223314,1230840,2018,fhv
54,155025,134176,2018,fhv
19,124867,108079,2018,fhv
0,9808,68754,2018,fhv
113,1714698,1434715,2018,fhv
112,1846690,1807162,2018,fhv
155,622565,648290,2018,fhv
167,728060,713548,2018,fhv
237,2189552,1976497,2018,fhv
241,717619,738574,2018,fhv
198,1263714,1333173,2018,fhv
22,638501,650722,2018,fhv
196,467921,456869,2018,fhv
130,1104752,1136098,2018,fhv
7,2157727,2124094,2018,fhv
77,567636,553694,2018,fhv
184,48319,61216,2018,fhv
34,180654,193218,2018,fhv
188,1661584,1709917,2018,fhv
228,870099,890797,2018,fhv
202,119181,153511,2018,fhv
126,482979,528558,2018,fhv
262,1182816,1001205,2018,fhv
50,1314464,1108157,2018,fhv
94,356295,354372,2018,fhv
149,480445,492237,2018,fhv
264,15967,31449,2018,fhv
229,1823471,1431819,2018,fhv
190,200184,228259,2018,fhv
110,598,581,2018,fhv
136,521428,533831,2018,fhv
57,29439,29046,2018,fhv
144,2066011,1695921,2018,fhv
32,427436,417956,2018,fhv
43,871693,935179,2018,fhv
84,68436,63922,2018,fhv
212,415010,397414,2018,fhv
31,123679,128843,2018,fhv
119,697344,696578,2018,fhv
39,1578609,1518366,2018,fhv
98,199215,199691,2018,fhv
187,95439,90980,2018,fhv
232,1148396,1026311,2018,fhv
201,81570,92383,2018,fhv
203,269519,251957,2018,fhv
145,1435009,1424216,2018,fhv
116,1000000,984072,2018,fhv
25,1291759,1176302,2018,fhv
157,485562,467986,2018,fhv
181,2356995,2265340,2018,fhv
124,218349,205725,2018,fhv
227,446880,476288,2018,fhv
95,1122999,1185401,2018,fhv
71,897652,909408,2018,fhv
143,1357541,1093811,2018,fhv
193,256054,250296,2018,fhv
161,3438409,3267896,2018,fhv
68,2547932,2468257,2018,fhv
6,74065,73204,2018,fhv
72,1187795,1138052,2018,fhv
215,470794,402597,2018,fhv
87,1620149,1505848,2018,fhv
255,2461935,2270822,2018,fhv
258,540142,499300,2018,fhv
58,44886,45289,2018,fhv
221,213635,175931,2018,fhv
107,2382326,2028883,2018,fhv
9,170436,167776,2018,fhv
158,1513494,1349458,2018,fhv
63,602000,582662,2018,fhv
27,13481,22106,2018,fhv
56,589023,517926,2018,fhv
51,667090,657795,2018,fhv
178,227545,214184,2018,fhv
234,3192342,2805014,2018,fhv
239,1738286,1563056,2018,fhv
150,293634,339937,2018,fhv
146,549884,570356,2018,fhv
52,303838,273556,2018,fhv
174,689709,683358,2018,fhv
79,3804523,3146754,2018,fhv
17,1920868,2024654,2018,fhv
170,2470834,2240547,2018,fhv
209,506769,463797,2018,fhv
236,1863955,1787728,2018,fhv
253,31693,21055,2018,fhv
246,2563066,2485037,2018,fhv
139,255455,218053,2018,fhv
226,1228321,1246084,2018,fhv
242,700090,698263,2018,fhv
41,1504011,1419439,2018,fhv
33,1145737,1106829,2018,fhv
208,498420,505264,2018,fhv
257,344237,357661,2018,fhv
28,374950,363504,2018,fhv
88,548478,612813,2018,fhv
248,415977,399977,2018,fhv
138,3092922,4043816,2018,fhv
207,3039,5127,2018,fhv
235,906573,924107,2018,fhv
114,1705806,1491265,2018,fhv
5,39732,40106,2018,fhv
1,36473,1302274,2018,fhv
115,121624,109572,2018,fhv
153,136853,123821,2018,fhv
250,398684,402029,2018,fhv
96,42311,48262,2018,fhv
185,510774,507184,2018,fhv
219,297612,247904,2018,fhv
214,110479,111880,2018,fhv
252,251457,245992,2018,fhv
10,515354,427266,2018,fhv
120,94198,93513,2018,fhv
89,1752291,1814922,2018,fhv
197,653939,613765,2018,fhv
128,55926,64704,2018,fhv
106,521144,446937,2018,fhv
85,613690,603934,2018,fhv
111,17182,19604,2018,fhv
177,919278,916687,2018,fhv
179,712453,702964,2018,fhv
48,3303982,2745161,2018,fhv
67,339208,361678,2018,fhv
224,684727,554470,2018,fhv
254,784540,709130,2018,fhv
142,1845250,1765085,2018,fhv
168,969850,1004564,2018,fhv
100,1806381,1553109,2018,fhv
247,993436,961962,2018,fhv
131,286574,296656,2018,fhv
105,41,139,2018,fhv
108,279991,298302,2018,fhv
218,309489,250754,2018,fhv
132,3495249,4192797,2018,fhv
44,49046,52957,2018,fhv
127,718696,754485,2018,fhv
123,576017,589725,2018,fhv
210,625189,618107,2018,fhv
205,594600,518631,2018,fhv
225,1973601,2090632,2018,fhv
249,2294111,1854564,2018,fhv
220,685795,619786,2018,fhv
61,3342725,3449891,2018,fhv
213,805743,812889,2018,fhv
192,272159,242432,2018,fhv
156,164628,151418,2018,fhv
160,406037,420086,2018,fhv
3,356528,345903,2018,fhv
206,308793,338438,2018,fhv
37,2369476,2521810,2018,fhv
101,142016,118170,2018,fhv
83,376612,383740,2018,fhv
200,342496,371844,2018,fhv
12,60835,74095,2018,fhv
141,1750462,1510059,2018,fhv
55,440842,476136,2018,fhv
74,1546436,1507173,2018,fhv
182,446060,422009,2018,fhv
62,895979,913053,2018,fhv
8,14327,14793,2018,fhv
186,1513529,1851087,2018,fhv
171,377588,368668,2018,fhv
49,1580473,1574752,2018,fhv
11,213518,218466,2018,fhv
35,1159271,1096377,2018,fhv
260,780621,841504,2018,fhv
166,1182967,1243144,2018,fhv
80,1870739,1791970,2018,fhv
199,192,25,2018,fhv
2,404,497,2018,fhv
265,489029,25204150,2018,fhv
66,999977,869566,2018,fhv
154,28040,37811,2018,fhv
244,1630761,1674261,2018,fhv
162,2228920,2221113,2018,fhv
164,2594802,2223345,2018,fhv
176,47176,47248,2018,fhv
134,370991,383390,2018,fhv
245,131694,121665,2018,fhv
76,1968096,2026825,2018,fhv
175,172903,196766,2018,fhv
102,428771,421867,2018,fhv
233,1740308,1524838,2018,fhv
92,1112906,1140427,2018,fhv
4,1021242,829551,2018,fhv
163,1864190,1686574,2018,fhv
230,2480693,2277569,2018,fhv
118,159837,174747,2018,fhv
13,1250674,1223985,2018,fhv
36,1837237,1876395,2018,fhv
75,1410847,1466577,2018,fhv
172,78707,78227,2018,fhv
78,697862,676128,2018,fhv
18,874591,882516,2018,fhv
140,1620511,1510341,2018,fhv
125,945432,812323,2018,fhv
69,1100118,1102071,2018,fhv
14,1047812,1113295,2018,fhv
216,901976,806400,2018,fhv
173,475145,452767,2018,fhv
137,1732552,1536394,2018,fhv
194,30698,84802,2018,fhv
21,534386,532606,2018,fhv
135,364944,369186,2018,fhv
238,1673665,1512368,2018,fhv
129,1521458,1442700,2018,fhv
122,176477,158404,2018,fhv
59,33024,35117,2018,fhv
223,1109393,1132884,2018,fhv
81,509051,471288,2018,fhv
165,635553,631016,2018,fhv
15,141020,138422,2018,fhv
180,270140,251195,2018,fhv
195,471210,448218,2018,fhv
82,1373475,1404212,2018,fhv
38,157821,142169,2018,fhv
97,1598473,1527947,2018,fhv
133,416448,430075,2018,fhv
73,214455,190882,2018,fhv
42,1918626,1848676,2018,fhv
151,864341,829722,2018,fhv
30,6897,7387,2018,fhv
256,1857471,1775567,2018,fhv
159,801873,815030,2018,fhv
90,1835101,1469685,2018,fhv
23,201038,222455,2018,fhv
117,184286,178797,2018,fhv
121,416112,410984,2018,fhv
217,314438,309699,2018,fhv
46,37101,42463,2018,fhv
70,441828,373448,2018,fhv
20,561828,560766,2018,fhv
99,7074,8322,2018,fhv
231,2812378,2498347,2018,fhv
109,92290,90205,2018,fhv
86,196935,152716,2018,fhv
189,870355,855122,2018,fhv
60,416812,394366,2018,fhv
93,149948,239383,2018,fhv
259,510007,480854,2018,fhv
40,605098,552737,2018,fhv
251,106658,102038,2018,fhv
204,33113,34040,2018,fhv
147,435696,423675,2018,fhv
183,184829,178084,2018,fhv
263,1500754,1443409,2018,fhv
240,169932,135068,2018,fhv
64,130865,130545,2018,fhv
16,417794,390504,2018,fhv
91,1044511,999379,2018,fhv
152,577773,602332,2018,fhv
-1,37266901,20000407,2018,fhv
261,851884,826119,2018,fhv
53,261466,273702,2018,fhv
45,616480,595607,2018,fhv
148,2729224,2291131,2018,fhv
47,613480,594938,2018,fhv
169,931297,885764,2018,fhv
24,377641,364448,2018,fhv
211,1438504,1260206,2018,fhv
26,570457,423713,2017,fhv
29,228000,165530,2017,fhv
65,769015,486779,2017,fhv
191,224887,131738,2017,fhv
222,129986,88520,2017,fhv
243,702026,534058,2017,fhv
54,111436,61357,2017,fhv
19,75103,44362,2017,fhv
155,364675,263235,2017,fhv
167,307006,254273,2017,fhv
112,1376971,830572,2017,fhv
113,1385119,694691,2017,fhv
241,360697,292341,2017,fhv
237,1722516,957571,2017,fhv
198,783357,541135,2017,fhv
22,393282,282697,2017,fhv
196,274883,187270,2017,fhv
130,590716,459067,2017,fhv
7,1373870,882448,2017,fhv
77,309151,221038,2017,fhv
184,19274,25116,2017,fhv
34,118722,80587,2017,fhv
188,997305,711120,2017,fhv
126,213239,212312,2017,fhv
228,564057,433430,2017,fhv
202,76963,64871,2017,fhv
262,902266,483531,2017,fhv
94,162455,137936,2017,fhv
50,1104154,534380,2017,fhv
149,294339,203535,2017,fhv
264,101268,8998,2017,fhv
229,1396105,700087,2017,fhv
190,119209,99148,2017,fhv
110,376,260,2017,fhv
136,246617,211920,2017,fhv
57,22263,14192,2017,fhv
144,1643288,854202,2017,fhv
32,208979,162668,2017,fhv
43,558161,464364,2017,fhv
84,35009,23847,2017,fhv
212,184115,161253,2017,fhv
31,62660,72415,2017,fhv
119,294777,255154,2017,fhv
39,901663,608219,2017,fhv
187,58567,35947,2017,fhv
98,122563,86022,2017,fhv
232,833888,471573,2017,fhv
201,37017,33788,2017,fhv
203,143428,91967,2017,fhv
145,881263,590493,2017,fhv
116,612363,417843,2017,fhv
25,835838,494846,2017,fhv
157,303186,189260,2017,fhv
181,1670049,1036231,2017,fhv
124,119439,84538,2017,fhv
227,261701,230930,2017,fhv
95,703168,504643,2017,fhv
71,539441,371299,2017,fhv
143,1026498,514434,2017,fhv
161,2662266,1608039,2017,fhv
193,126680,86280,2017,fhv
68,2011947,1267893,2017,fhv
6,39564,26029,2017,fhv
72,674538,457672,2017,fhv
215,248515,148250,2017,fhv
87,1212596,742711,2017,fhv
258,292196,216441,2017,fhv
255,1863678,1089169,2017,fhv
58,22995,17023,2017,fhv
107,1788866,956910,2017,fhv
221,96633,51211,2017,fhv
9,102235,67666,2017,fhv
63,316951,246825,2017,fhv
158,1292783,698770,2017,fhv
27,7233,11140,2017,fhv
56,342180,205098,2017,fhv
51,301070,228510,2017,fhv
178,150245,94096,2017,fhv
234,2542484,1376457,2017,fhv
239,1432398,775896,2017,fhv
150,179087,142916,2017,fhv
146,323095,220914,2017,fhv
52,222765,122318,2017,fhv
174,332257,283217,2017,fhv
209,371612,207798,2017,fhv
170,2026378,1118372,2017,fhv
17,1317800,892990,2017,fhv
79,2956364,1516731,2017,fhv
236,1504697,847279,2017,fhv
253,20003,12209,2017,fhv
139,138263,77611,2017,fhv
246,1891496,1204080,2017,fhv
242,329599,281821,2017,fhv
226,789471,507808,2017,fhv
41,942949,617005,2017,fhv
208,234855,186362,2017,fhv
33,798663,508913,2017,fhv
88,418744,294958,2017,fhv
248,189886,158687,2017,fhv
28,226552,157015,2017,fhv
257,260383,167549,2017,fhv
138,2307905,2079876,2017,fhv
207,2748,2663,2017,fhv
235,414800,352900,2017,fhv
114,1372045,734563,2017,fhv
5,19841,14121,2017,fhv
1,24071,627363,2017,fhv
153,76921,50409,2017,fhv
115,53268,32367,2017,fhv
250,185413,160550,2017,fhv
96,19626,25114,2017,fhv
185,261718,204740,2017,fhv
219,157287,91086,2017,fhv
214,61292,41027,2017,fhv
252,146070,100109,2017,fhv
10,282438,162597,2017,fhv
120,36361,40639,2017,fhv
89,1093805,757294,2017,fhv
197,365726,263614,2017,fhv
128,31907,31403,2017,fhv
106,362052,193121,2017,fhv
85,360385,246808,2017,fhv
111,9806,9950,2017,fhv
177,522749,367730,2017,fhv
179,442057,283534,2017,fhv
48,2357922,1311992,2017,fhv
224,559706,281886,2017,fhv
67,209474,164550,2017,fhv
142,1471614,865713,2017,fhv
168,416054,351583,2017,fhv
254,389436,275742,2017,fhv
247,447374,365360,2017,fhv
100,1286580,726566,2017,fhv
131,170973,120738,2017,fhv
105,32,47,2017,fhv
108,164125,118596,2017,fhv
218,170905,89697,2017,fhv
132,2455518,2007174,2017,fhv
44,25093,19619,2017,fhv
127,409341,329915,2017,fhv
123,379093,245628,2017,fhv
210,376921,255538,2017,fhv
205,315859,187116,2017,fhv
225,1260342,907202,2017,fhv
220,372652,262570,2017,fhv
249,1825549,914377,2017,fhv
61,2143853,1482717,2017,fhv
213,360808,312308,2017,fhv
192,153276,100111,2017,fhv
156,85017,52356,2017,fhv
160,250813,173567,2017,fhv
3,186286,136625,2017,fhv
206,171938,116924,2017,fhv
37,1552513,1096779,2017,fhv
101,73828,47317,2017,fhv
83,224623,157733,2017,fhv
200,219291,164831,2017,fhv
12,41097,35262,2017,fhv
141,1357340,713069,2017,fhv
55,242309,191792,2017,fhv
74,907378,629669,2017,fhv
182,203126,155723,2017,fhv
62,577301,390390,2017,fhv
8,8048,6689,2017,fhv
186,1282888,869553,2017,fhv
171,235835,159182,2017,fhv
49,1104027,707969,2017,fhv
11,129514,95488,2017,fhv
35,648223,434246,2017,fhv
166,857434,583650,2017,fhv
260,489863,357693,2017,fhv
80,1276819,796171,2017,fhv
199,84,13,2017,fhv
2,310,241,2017,fhv
265,546851,11320391,2017,fhv
66,597769,354895,2017,fhv
154,18107,18269,2017,fhv
162,1782274,1093493,2017,fhv
244,953587,720523,2017,fhv
164,1962243,1070838,2017,fhv
176,25136,18080,2017,fhv
134,229226,166605,2017,fhv
245,78412,46721,2017,fhv
76,1042676,805957,2017,fhv
102,271493,166174,2017,fhv
175,103118,77733,2017,fhv
233,1226766,727329,2017,fhv
4,743246,382230,2017,fhv
230,2058414,1133254,2017,fhv
92,634685,494092,2017,fhv
163,1579749,851531,2017,fhv
118,90474,67560,2017,fhv
13,1026469,634044,2017,fhv
36,1222780,810533,2017,fhv
75,853127,614602,2017,fhv
172,43015,28273,2017,fhv
78,315466,257418,2017,fhv
18,397251,331685,2017,fhv
140,1215312,697991,2017,fhv
125,720636,388716,2017,fhv
69,474294,403268,2017,fhv
14,697348,519880,2017,fhv
216,483656,320702,2017,fhv
173,284901,190213,2017,fhv
137,1216766,701098,2017,fhv
194,19031,44840,2017,fhv
238,1240177,726800,2017,fhv
21,323856,226223,2017,fhv
135,224574,151996,2017,fhv
129,978881,612615,2017,fhv
122,94906,59735,2017,fhv
59,12858,13891,2017,fhv
81,281146,178106,2017,fhv
223,741499,487538,2017,fhv
165,402196,267254,2017,fhv
15,86354,61896,2017,fhv
180,148228,103097,2017,fhv
195,313472,199264,2017,fhv
82,797868,575734,2017,fhv
38,85993,53164,2017,fhv
133,254631,182804,2017,fhv
97,1020000,662790,2017,fhv
42,1064695,721668,2017,fhv
151,633868,397249,2017,fhv
73,126498,84310,2017,fhv
30,3048,2750,2017,fhv
159,332317,286091,2017,fhv
256,1410339,829563,2017,fhv
90,1427752,711802,2017,fhv
23,116563,82730,2017,fhv
117,71148,52563,2017,fhv
121,268856,185538,2017,fhv
217,174423,137016,2017,fhv
46,16883,14346,2017,fhv
70,306008,167961,2017,fhv
20,278394,232759,2017,fhv
99,6620,4598,2017,fhv
231,2264689,1193180,2017,fhv
86,73512,48103,2017,fhv
109,50445,34125,2017,fhv
60,170976,142890,2017,fhv
189,592934,367336,2017,fhv
93,94617,138396,2017,fhv
259,256398,179754,2017,fhv
251,65556,43127,2017,fhv
204,17474,13093,2017,fhv
40,413152,244929,2017,fhv
147,182292,148786,2017,fhv
183,95328,66498,2017,fhv
263,1096783,672938,2017,fhv
240,74325,58544,2017,fhv
16,262910,167237,2017,fhv
64,76009,55537,2017,fhv
91,638847,415952,2017,fhv
152,335637,248804,2017,fhv
-1,42022343,84283343,2017,fhv
261,643763,417737,2017,fhv
53,141231,113137,2017,fhv
47,265735,226021,2017,fhv
45,453190,279410,2017,fhv
148,2084018,1132327,2017,fhv
169,402895,347842,2017,fhv
24,285445,177741,2017,fhv
211,1155908,607870,2017,fhv
0,44323,530459,2017,fhv
243,358902,1,2016,fhv
0,137060,1685735,2016,fhv
167,91164,1,2016,fhv
241,319055,2,2016,fhv
126,60453,2,2016,fhv
264,500253,15,2016,fhv
136,139062,1,2016,fhv
119,111588,5,2016,fhv
116,309949,6,2016,fhv
68,1477460,1,2016,fhv
72,264478,1,2016,fhv
51,154596,1,2016,fhv
174,117854,3,2016,fhv
17,759444,7,2016,fhv
242,114804,5,2016,fhv
248,57551,3,2016,fhv
235,135424,7,2016,fhv
185,100962,1,2016,fhv
254,199258,1,2016,fhv
142,1035406,1,2016,fhv
247,154788,1,2016,fhv
100,850119,1,2016,fhv
127,197704,4,2016,fhv
3,100115,1,2016,fhv
37,969253,1,2016,fhv
55,93871,1,2016,fhv
182,62788,2,2016,fhv
166,468971,3,2016,fhv
265,322368,5,2016,fhv
244,479890,4,2016,fhv
134,121936,1,2016,fhv
4,502240,1,2016,fhv
18,144361,1,2016,fhv
69,150111,2,2016,fhv
42,503216,2,2016,fhv
159,105805,4,2016,fhv
20,99402,4,2016,fhv
259,98671,2,2016,fhv
183,35376,2,2016,fhv
-1,39844413,130428240,2016,fhv
169,121695,2,2016,fhv
0,583,1237294,2015,fhv
264,755971,6,2015,fhv
-1,17281411,62151232,2015,fhv
